ngmoco (DeNA),jobs@ngmoco.com
Disney Interactive - Salt Lake,jobs@DisneyGames.com
Eerie Canal Games,jobs@eerie-canal.com
15 letters,jobs@15letters.com
"""2015""",jobs@2015.com
21-6 Productions,jobs@21-6.com
2D Boy,jobs@2dboy.com
2K Games,jobs@2kgames.com
2K Games,jobs@2kgames.com
2K Marin,jobs@2kmarin.com
Visual Concepts,jobs@2ksports.com
2K Sports,jobs@2ksports.com
3D Realms,jobs@3drealms.com
3G Studios,jobs@3gstudiosinc.com
5000ft,jobs@5000ft.com
5th Cell,jobs@5thcell.com
6waves Lolapps,jobs@6waves.com
7-128 Software,jobs@7128.com
8monkey Labs,jobs@8monkeylabs.com
A Bit Lucky (Zynga),jobs@abitlucky.com
Activeworlds.com,jobs@activeworlds.com
Activision Blizzard,jobs@activision.com
Beachhead (Activision),jobs@activision.com
Activision Publishing Minneapolis,jobs@activision.com
Activision Blizzard,jobs@activision.com
Actual Entertainment,jobs@actualentertainment.com
Atom Entertainment,jobs@addictinggames.com
Addmired,jobs@addmired.com
Adhesive Games,jobs@adhesivegames.com
Aeria Games,jobs@aeriagames.com
Agetec,jobs@agetec.com
Airtight Games,jobs@airtightgames.com
Aki United States,jobs@aki.co.jp
Aksys Games,jobs@aksysgames.com
Alchemic Productions,jobs@alchemicproductions.com
All inPlay,jobs@allinplay.com
The Amazing Society,jobs@amazingsociety.com
Autumn Moon Entertainment,jobs@amegames.com
AMI Entertainment Network,jobs@amientertainment.com
Anomaly Labs,jobs@anomalylabs.com
Apogee Software,jobs@apogeesoftware.com
App Ant Studios (GREE),jobs@appantstudios.com
Appy Entertainment,jobs@appyentertainment.com
Archimage,jobs@archimage.com
Archon Games,jobs@archongames.com
ArenaNet (NCsoft),jobs@arena.net
Arkane Studios (ZeniMax Media),jobs@arkane-studios.com
Armature Studio,jobs@armaturestudio.com
Aspyr Media,jobs@aspyr.com
Atakama Labs (DeNA/ngmoco),jobs@atakamalabs.com